{"cameraMode":{"drawMode":0,"name":"Shaded","section":"Shading Mode"},"sceneLighting":true,"audioPlay":false,"sceneViewState":{"m_AlwaysRefresh":false,"showFog":true,"showSkybox":true,"showFlares":true,"showImageEffects":true,"showParticleSystems":true,"showVisualEffectGraphs":true,"m_FxEnabled":true},"in2DMode":false,"pivot":{"x":-0.6792254447937012,"y":19.014074325561525,"z":22.933624267578126},"rotation":{"x":-0.09914969652891159,"y":-0.0008996321703307331,"z":0.00011073084169765934,"w":-0.995114266872406},"size":14.142224311828614,"orthographic":false}